{
  "project_info": {
    "project_number": "696417648981",
    "firebase_url": "https://macrotracker-863f3-default-rtdb.europe-west1.firebasedatabase.app",
    "project_id": "macrotracker-863f3",
    "storage_bucket": "macrotracker-863f3.appspot.com"
  },
  "client": [
    {
      "client_info": {
        "mobilesdk_app_id": "1:696417648981:android:d5f7047b8ec3e7162befdc",
        "android_client_info": {
          "package_name": "Robin.Do"
        }
      },
      "oauth_client": [
        {
          "client_id": "696417648981-v04b24iusg818jbc2m464eak7k2lq011.apps.googleusercontent.com",
          "client_type": 3
        }
      ],
      "api_key": [
        {
          "current_key": "AIzaSyCgeFpXhrbrv7ZEZV3aGgnqJCZjrn6srmY"
        }
      ],
      "services": {
        "appinvite_service": {
          "other_platform_oauth_client": [
            {
              "client_id": "696417648981-v04b24iusg818jbc2m464eak7k2lq011.apps.googleusercontent.com",
              "client_type": 3
            },
            {
              "client_id": "696417648981-2hlu7gi40vjrk3fpaa3pvkan82mqmd05.apps.googleusercontent.com",
              "client_type": 2,
              "ios_info": {
                "bundle_id": "it.sironizambon.macrotracker"
              }
            }
          ]
        }
      }
    },
    {
      "client_info": {
        "mobilesdk_app_id": "1:696417648981:android:df8f1eda2ab57e052befdc",
        "android_client_info": {
          "package_name": "it.SironiSprocati.MacroTracker"
        }
      },
      "oauth_client": [
        {
          "client_id": "696417648981-inv4jh7sm9m16dq1trfcrun8b3hmkl1t.apps.googleusercontent.com",
          "client_type": 1,
          "android_info": {
            "package_name": "it.SironiSprocati.MacroTracker",
            "certificate_hash": "9bbb3186b2189ef16d8f272bdab59362c395cbb4"
          }
        },
        {
          "client_id": "696417648981-v04b24iusg818jbc2m464eak7k2lq011.apps.googleusercontent.com",
          "client_type": 3
        }
      ],
      "api_key": [
        {
          "current_key": "AIzaSyCgeFpXhrbrv7ZEZV3aGgnqJCZjrn6srmY"
        }
      ],
      "services": {
        "appinvite_service": {
          "other_platform_oauth_client": [
            {
              "client_id": "696417648981-v04b24iusg818jbc2m464eak7k2lq011.apps.googleusercontent.com",
              "client_type": 3
            },
            {
              "client_id": "696417648981-2hlu7gi40vjrk3fpaa3pvkan82mqmd05.apps.googleusercontent.com",
              "client_type": 2,
              "ios_info": {
                "bundle_id": "it.sironizambon.macrotracker"
              }
            }
          ]
        }
      }
    }
  ],
  "configuration_version": "1"
}